Creation Time,Policy Name,Node ID
2021-10-19T10:45:24.543-07:00,tsod-1031-1032-prereload,2
2021-10-19T10:45:24.543-07:00,tsod-1031-1032-prereload,1
2021-10-19T10:45:24.543-07:00,tsod-1031-1032-prereload,3
2021-10-19T10:45:24.543-07:00,tsod-1031-1032-prereload,1031
2021-10-19T10:45:24.543-07:00,tsod-1031-1032-prereload,1032
2019-06-07T09:10:13.076-07:00,tsod-BL_leaf_Stale_Entries,3812
2019-06-07T09:10:13.076-07:00,tsod-BL_leaf_Stale_Entries,3811
2020-12-16T05:34:03.236-07:00,tsod-DHCP_issue,1111
2020-12-16T05:34:03.236-07:00,tsod-DHCP_issue,1112
2019-05-23T18:40:16.266-07:00,tsod-686508458,3812
2019-05-22T09:30:10.189-07:00,tsod-686508458,1012
2019-05-23T18:40:16.266-07:00,tsod-686508458,3811
2019-05-22T09:30:10.189-07:00,tsod-686508458,1011
2019-11-26T03:53:55.265-07:00,tsod-sw1011_tech,1012
2020-03-02T02:28:42.949-07:00,tsod-sw1011_tech,1011
2020-03-02T02:28:42.949-07:00,tsod-sw1011_tech,3
2020-03-02T02:28:42.949-07:00,tsod-sw1011_tech,1
2020-03-02T02:28:42.949-07:00,tsod-sw1011_tech,2
2020-03-02T02:28:42.949-07:00,tsod-sw1011_tech,1012
2019-11-26T03:53:55.265-07:00,tsod-sw1011_tech,1011
